{
    "modules": [
        {
            "config": {
                "position": [
                    119,
                    112
                ]
            },
            "name": "New Model Object",
            "value": {
                "actionGroup": {
                    "_default0_index": true,
                    "_default1_list": true,
                    "_default2_show": true,
                    "_default3_new_create": true,
                    "_default4_edit_update": true,
                    "_default5_delete": true,
                    "customActions": []
                },
                "name": "Autotranslate",
                "objectsettings": {
                    "addDeletedField": true,
                    "addHiddenField": true,
                    "addStarttimeEndtimeFields": true,
                    "aggregateRoot": true,
                    "categorizable": false,
                    "description": "",
                    "mapToTable": "",
                    "parentClass": "",
                    "sorting": false,
                    "type": "Entity",
                    "uid": "863142769910"
                },
                "propertyGroup": {
                    "properties": [
                        {
                            "allowedFileTypes": "",
                            "maxItems": "1",
                            "propertyDescription": "",
                            "propertyIsExcludeField": true,
                            "propertyIsL10nModeExclude": false,
                            "propertyIsNullable": false,
                            "propertyIsRequired": false,
                            "propertyName": "pageUid",
                            "propertyType": "Integer",
                            "uid": "129355358457"
                        },
                        {
                            "allowedFileTypes": "",
                            "maxItems": "1",
                            "propertyDescription": "",
                            "propertyIsExcludeField": true,
                            "propertyIsL10nModeExclude": false,
                            "propertyIsNullable": false,
                            "propertyIsRequired": false,
                            "propertyName": "sourceLang",
                            "propertyType": "Integer",
                            "uid": "874578380653"
                        },
                        {
                            "allowedFileTypes": "",
                            "maxItems": "1",
                            "propertyDescription": "",
                            "propertyIsExcludeField": true,
                            "propertyIsL10nModeExclude": false,
                            "propertyIsNullable": false,
                            "propertyIsRequired": false,
                            "propertyName": "targetLang",
                            "propertyType": "Integer",
                            "uid": "1560368165755"
                        },
                        {
                            "allowedFileTypes": "",
                            "maxItems": "1",
                            "propertyDescription": "",
                            "propertyIsExcludeField": true,
                            "propertyIsL10nModeExclude": false,
                            "propertyIsNullable": false,
                            "propertyIsRequired": false,
                            "propertyName": "recordsTranslated",
                            "propertyType": "Integer",
                            "uid": "894766062281"
                        },
                        {
                            "allowedFileTypes": "",
                            "maxItems": "1",
                            "propertyDescription": "",
                            "propertyIsExcludeField": true,
                            "propertyIsL10nModeExclude": false,
                            "propertyIsNullable": false,
                            "propertyIsRequired": false,
                            "propertyName": "status",
                            "propertyType": "String",
                            "uid": "1072754641143"
                        },
                        {
                            "allowedFileTypes": "",
                            "maxItems": "1",
                            "propertyDescription": "",
                            "propertyIsExcludeField": true,
                            "propertyIsL10nModeExclude": false,
                            "propertyIsNullable": false,
                            "propertyIsRequired": false,
                            "propertyName": "message",
                            "propertyType": "Text",
                            "uid": "1204263221064"
                        }
                    ]
                },
                "relationGroup": {
                    "relations": []
                }
            }
        }
    ],
    "properties": {
        "backendModules": [],
        "description": "",
        "emConf": {
            "category": "plugin",
            "custom_category": "",
            "dependsOn": "typo3 => 11.5.0-11.5.99\n",
            "disableLocalization": false,
            "disableVersioning": false,
            "generateDocumentationTemplate": false,
            "generateEditorConfig": false,
            "generateEmptyGitRepository": false,
            "sourceLanguage": "en",
            "state": "stable",
            "targetVersion": "11.5.0-11.5.99",
            "version": "1.0.0"
        },
        "extensionKey": "autotranslate",
        "name": "Auto Translate",
        "originalExtensionKey": "",
        "originalVendorName": "",
        "persons": [],
        "plugins": [],
        "vendorName": "RD"
    },
    "wires": [],
    "storagePath": "\/var\/www\/html\/packages\/",
    "log": {
        "last_modified": "2026-01-23 11:07",
        "extension_builder_version": "v11.0.13",
        "be_user": " (1)"
    }
}